run_id,machine_id,cell,mode,death_q,threads,N,bytes_per_particle,trial,ns_frame,ns_particle
20260801T185156Z-minibits-b7641c0e-513db44,minibits-b7641c0e,L1.B1.w1-autovec.w2-simple,frame,0.01,1,4000,68,0,87365.6,21.8414
20260801T185156Z-minibits-b7641c0e-513db44,minibits-b7641c0e,L1.B1.w1-autovec.w2-simple,frame,0.01,1,4000,68,1,58859.6,14.7149
20260801T185156Z-minibits-b7641c0e-513db44,minibits-b7641c0e,L1.B1.w1-autovec.w2-simple,frame,0.01,1,4000,68,2,48391.3,12.0978
20260801T185156Z-minibits-b7641c0e-513db44,minibits-b7641c0e,L1.B1.w1-autovec.w2-simple,frame,0.01,1,16000,68,0,147241.0,9.2026
20260801T185156Z-minibits-b7641c0e-513db44,minibits-b7641c0e,L1.B1.w1-autovec.w2-simple,frame,0.01,1,16000,68,1,125018.1,7.8136
20260801T185156Z-minibits-b7641c0e-513db44,minibits-b7641c0e,L1.B1.w1-autovec.w2-simple,frame,0.01,1,16000,68,2,123711.9,7.7320
20260801T185156Z-minibits-b7641c0e-513db44,minibits-b7641c0e,L1.B1.w1-autovec.w2-simple,frame,0.01,1,65000,68,0,496451.9,7.6377
20260801T185156Z-minibits-b7641c0e-513db44,minibits-b7641c0e,L1.B1.w1-autovec.w2-simple,frame,0.01,1,65000,68,1,495464.4,7.6225
20260801T185156Z-minibits-b7641c0e-513db44,minibits-b7641c0e,L1.B1.w1-autovec.w2-simple,frame,0.01,1,65000,68,2,497221.9,7.6496
20260801T185156Z-minibits-b7641c0e-513db44,minibits-b7641c0e,L1.B1.w1-autovec.w2-simple,frame,0.01,1,262000,68,0,1952502.7,7.4523
20260801T185156Z-minibits-b7641c0e-513db44,minibits-b7641c0e,L1.B1.w1-autovec.w2-simple,frame,0.01,1,262000,68,1,1947382.5,7.4328
20260801T185156Z-minibits-b7641c0e-513db44,minibits-b7641c0e,L1.B1.w1-autovec.w2-simple,frame,0.01,1,262000,68,2,1945617.9,7.4260
20260801T185156Z-minibits-b7641c0e-513db44,minibits-b7641c0e,L1.B1.w1-autovec.w2-simple,frame,0.01,1,1000000,68,0,7480089.6,7.4801
20260801T185156Z-minibits-b7641c0e-513db44,minibits-b7641c0e,L1.B1.w1-autovec.w2-simple,frame,0.01,1,1000000,68,1,7525116.0,7.5251
20260801T185156Z-minibits-b7641c0e-513db44,minibits-b7641c0e,L1.B1.w1-autovec.w2-simple,frame,0.01,1,1000000,68,2,7480883.1,7.4809
20260801T185156Z-minibits-b7641c0e-513db44,minibits-b7641c0e,L1.B1.w1-autovec.w2-simple,frame,0.01,1,4000000,68,0,29943423.1,7.4859
20260801T185156Z-minibits-b7641c0e-513db44,minibits-b7641c0e,L1.B1.w1-autovec.w2-simple,frame,0.01,1,4000000,68,1,30107616.3,7.5269
20260801T185156Z-minibits-b7641c0e-513db44,minibits-b7641c0e,L1.B1.w1-autovec.w2-simple,frame,0.01,1,4000000,68,2,30121044.2,7.5303
20260801T185156Z-minibits-b7641c0e-513db44,minibits-b7641c0e,L1.B1.w1-autovec.w2-simple,frame,0.01,1,16000000,68,0,119863624.6,7.4915
20260801T185156Z-minibits-b7641c0e-513db44,minibits-b7641c0e,L1.B1.w1-autovec.w2-simple,frame,0.01,1,16000000,68,1,120560964.2,7.5351
20260801T185156Z-minibits-b7641c0e-513db44,minibits-b7641c0e,L1.B1.w1-autovec.w2-simple,frame,0.01,1,16000000,68,2,120585551.3,7.5366
20260801T185156Z-minibits-b7641c0e-513db44,minibits-b7641c0e,L1.B1.w1-autovec.w2-simple,frame,0.01,1,64000000,68,0,521382207.3,8.1466
20260801T185156Z-minibits-b7641c0e-513db44,minibits-b7641c0e,L1.B1.w1-autovec.w2-simple,frame,0.01,1,64000000,68,1,497124176.7,7.7676
20260801T185156Z-minibits-b7641c0e-513db44,minibits-b7641c0e,L1.B1.w1-autovec.w2-simple,frame,0.01,1,64000000,68,2,492482166.9,7.6950
20260801T185156Z-minibits-b7641c0e-513db44,minibits-b7641c0e,L1.B1.w1-autovec.w2-simple,frame,0.05,1,4000,68,0,90151.0,22.5378
20260801T185156Z-minibits-b7641c0e-513db44,minibits-b7641c0e,L1.B1.w1-autovec.w2-simple,frame,0.05,1,4000,68,1,59652.7,14.9132
20260801T185156Z-minibits-b7641c0e-513db44,minibits-b7641c0e,L1.B1.w1-autovec.w2-simple,frame,0.05,1,4000,68,2,49513.8,12.3784
20260801T185156Z-minibits-b7641c0e-513db44,minibits-b7641c0e,L1.B1.w1-autovec.w2-simple,frame,0.05,1,16000,68,0,152050.8,9.5032
20260801T185156Z-minibits-b7641c0e-513db44,minibits-b7641c0e,L1.B1.w1-autovec.w2-simple,frame,0.05,1,16000,68,1,132363.1,8.2727
20260801T185156Z-minibits-b7641c0e-513db44,minibits-b7641c0e,L1.B1.w1-autovec.w2-simple,frame,0.05,1,16000,68,2,131743.1,8.2339
20260801T185156Z-minibits-b7641c0e-513db44,minibits-b7641c0e,L1.B1.w1-autovec.w2-simple,frame,0.05,1,65000,68,0,660204.6,10.1570
20260801T185156Z-minibits-b7641c0e-513db44,minibits-b7641c0e,L1.B1.w1-autovec.w2-simple,frame,0.05,1,65000,68,1,531945.0,8.1838
20260801T185156Z-minibits-b7641c0e-513db44,minibits-b7641c0e,L1.B1.w1-autovec.w2-simple,frame,0.05,1,65000,68,2,533644.2,8.2099
20260801T185156Z-minibits-b7641c0e-513db44,minibits-b7641c0e,L1.B1.w1-autovec.w2-simple,frame,0.05,1,262000,68,0,2155345.4,8.2265
20260801T185156Z-minibits-b7641c0e-513db44,minibits-b7641c0e,L1.B1.w1-autovec.w2-simple,frame,0.05,1,262000,68,1,2173861.7,8.2972
20260801T185156Z-minibits-b7641c0e-513db44,minibits-b7641c0e,L1.B1.w1-autovec.w2-simple,frame,0.05,1,262000,68,2,2133055.8,8.1414
20260801T185156Z-minibits-b7641c0e-513db44,minibits-b7641c0e,L1.B1.w1-autovec.w2-simple,frame,0.05,1,1000000,68,0,8191926.0,8.1919
20260801T185156Z-minibits-b7641c0e-513db44,minibits-b7641c0e,L1.B1.w1-autovec.w2-simple,frame,0.05,1,1000000,68,1,8192506.5,8.1925
20260801T185156Z-minibits-b7641c0e-513db44,minibits-b7641c0e,L1.B1.w1-autovec.w2-simple,frame,0.05,1,1000000,68,2,8178039.2,8.1780
20260801T185156Z-minibits-b7641c0e-513db44,minibits-b7641c0e,L1.B1.w1-autovec.w2-simple,frame,0.05,1,4000000,68,0,32718778.8,8.1797
20260801T185156Z-minibits-b7641c0e-513db44,minibits-b7641c0e,L1.B1.w1-autovec.w2-simple,frame,0.05,1,4000000,68,1,32792796.9,8.1982
20260801T185156Z-minibits-b7641c0e-513db44,minibits-b7641c0e,L1.B1.w1-autovec.w2-simple,frame,0.05,1,4000000,68,2,32790515.8,8.1976
20260801T185156Z-minibits-b7641c0e-513db44,minibits-b7641c0e,L1.B1.w1-autovec.w2-simple,frame,0.05,1,16000000,68,0,130912415.2,8.1820
20260801T185156Z-minibits-b7641c0e-513db44,minibits-b7641c0e,L1.B1.w1-autovec.w2-simple,frame,0.05,1,16000000,68,1,131060355.4,8.1913
20260801T185156Z-minibits-b7641c0e-513db44,minibits-b7641c0e,L1.B1.w1-autovec.w2-simple,frame,0.05,1,16000000,68,2,131011282.7,8.1882
20260801T185156Z-minibits-b7641c0e-513db44,minibits-b7641c0e,L1.B1.w1-autovec.w2-simple,frame,0.05,1,64000000,68,0,533861923.1,8.3416
20260801T185156Z-minibits-b7641c0e-513db44,minibits-b7641c0e,L1.B1.w1-autovec.w2-simple,frame,0.05,1,64000000,68,1,527340845.4,8.2397
20260801T185156Z-minibits-b7641c0e-513db44,minibits-b7641c0e,L1.B1.w1-autovec.w2-simple,frame,0.05,1,64000000,68,2,529734027.3,8.2771
20260801T185156Z-minibits-b7641c0e-513db44,minibits-b7641c0e,L1.B1.w1-autovec.w2-simple,frame,0.25,1,4000,68,0,97844.6,24.4611
20260801T185156Z-minibits-b7641c0e-513db44,minibits-b7641c0e,L1.B1.w1-autovec.w2-simple,frame,0.25,1,4000,68,1,67731.9,16.9330
20260801T185156Z-minibits-b7641c0e-513db44,minibits-b7641c0e,L1.B1.w1-autovec.w2-simple,frame,0.25,1,4000,68,2,56205.2,14.0513
20260801T185156Z-minibits-b7641c0e-513db44,minibits-b7641c0e,L1.B1.w1-autovec.w2-simple,frame,0.25,1,16000,68,0,184460.4,11.5288
20260801T185156Z-minibits-b7641c0e-513db44,minibits-b7641c0e,L1.B1.w1-autovec.w2-simple,frame,0.25,1,16000,68,1,172300.0,10.7688
20260801T185156Z-minibits-b7641c0e-513db44,minibits-b7641c0e,L1.B1.w1-autovec.w2-simple,frame,0.25,1,16000,68,2,172630.8,10.7894
20260801T185156Z-minibits-b7641c0e-513db44,minibits-b7641c0e,L1.B1.w1-autovec.w2-simple,frame,0.25,1,65000,68,0,708016.0,10.8926
20260801T185156Z-minibits-b7641c0e-513db44,minibits-b7641c0e,L1.B1.w1-autovec.w2-simple,frame,0.25,1,65000,68,1,712744.2,10.9653
20260801T185156Z-minibits-b7641c0e-513db44,minibits-b7641c0e,L1.B1.w1-autovec.w2-simple,frame,0.25,1,65000,68,2,714136.0,10.9867
20260801T185156Z-minibits-b7641c0e-513db44,minibits-b7641c0e,L1.B1.w1-autovec.w2-simple,frame,0.25,1,262000,68,0,2861087.3,10.9202
20260801T185156Z-minibits-b7641c0e-513db44,minibits-b7641c0e,L1.B1.w1-autovec.w2-simple,frame,0.25,1,262000,68,1,2862506.7,10.9256
20260801T185156Z-minibits-b7641c0e-513db44,minibits-b7641c0e,L1.B1.w1-autovec.w2-simple,frame,0.25,1,262000,68,2,2878492.5,10.9866
20260801T185156Z-minibits-b7641c0e-513db44,minibits-b7641c0e,L1.B1.w1-autovec.w2-simple,frame,0.25,1,1000000,68,0,10927906.0,10.9279
20260801T185156Z-minibits-b7641c0e-513db44,minibits-b7641c0e,L1.B1.w1-autovec.w2-simple,frame,0.25,1,1000000,68,1,10937373.3,10.9374
20260801T185156Z-minibits-b7641c0e-513db44,minibits-b7641c0e,L1.B1.w1-autovec.w2-simple,frame,0.25,1,1000000,68,2,10927128.8,10.9271
20260801T185156Z-minibits-b7641c0e-513db44,minibits-b7641c0e,L1.B1.w1-autovec.w2-simple,frame,0.25,1,4000000,68,0,43782672.5,10.9457
20260801T185156Z-minibits-b7641c0e-513db44,minibits-b7641c0e,L1.B1.w1-autovec.w2-simple,frame,0.25,1,4000000,68,1,43788941.0,10.9472
20260801T185156Z-minibits-b7641c0e-513db44,minibits-b7641c0e,L1.B1.w1-autovec.w2-simple,frame,0.25,1,4000000,68,2,43775185.6,10.9438
20260801T185156Z-minibits-b7641c0e-513db44,minibits-b7641c0e,L1.B1.w1-autovec.w2-simple,frame,0.25,1,16000000,68,0,175250877.3,10.9532
20260801T185156Z-minibits-b7641c0e-513db44,minibits-b7641c0e,L1.B1.w1-autovec.w2-simple,frame,0.25,1,16000000,68,1,175215555.8,10.9510
20260801T185156Z-minibits-b7641c0e-513db44,minibits-b7641c0e,L1.B1.w1-autovec.w2-simple,frame,0.25,1,16000000,68,2,175238975.0,10.9524
20260801T185156Z-minibits-b7641c0e-513db44,minibits-b7641c0e,L1.B1.w1-autovec.w2-simple,frame,0.25,1,64000000,68,0,736502140.4,11.5078
20260801T185156Z-minibits-b7641c0e-513db44,minibits-b7641c0e,L1.B1.w1-autovec.w2-simple,frame,0.25,1,64000000,68,1,708729589.8,11.0739
20260801T185156Z-minibits-b7641c0e-513db44,minibits-b7641c0e,L1.B1.w1-autovec.w2-simple,frame,0.25,1,64000000,68,2,704492342.3,11.0077
20260801T185156Z-minibits-b7641c0e-513db44,minibits-b7641c0e,L1.B1.w1-autovec.w2-opt,frame,0.01,1,4000,68,0,45885.0,11.4713
20260801T185156Z-minibits-b7641c0e-513db44,minibits-b7641c0e,L1.B1.w1-autovec.w2-opt,frame,0.01,1,4000,68,1,39579.8,9.8949
20260801T185156Z-minibits-b7641c0e-513db44,minibits-b7641c0e,L1.B1.w1-autovec.w2-opt,frame,0.01,1,4000,68,2,33889.8,8.4724
20260801T185156Z-minibits-b7641c0e-513db44,minibits-b7641c0e,L1.B1.w1-autovec.w2-opt,frame,0.01,1,16000,68,0,109433.8,6.8396
20260801T185156Z-minibits-b7641c0e-513db44,minibits-b7641c0e,L1.B1.w1-autovec.w2-opt,frame,0.01,1,16000,68,1,93104.4,5.8190
20260801T185156Z-minibits-b7641c0e-513db44,minibits-b7641c0e,L1.B1.w1-autovec.w2-opt,frame,0.01,1,16000,68,2,83987.5,5.2492
20260801T185156Z-minibits-b7641c0e-513db44,minibits-b7641c0e,L1.B1.w1-autovec.w2-opt,frame,0.01,1,65000,68,0,330505.0,5.0847
20260801T185156Z-minibits-b7641c0e-513db44,minibits-b7641c0e,L1.B1.w1-autovec.w2-opt,frame,0.01,1,65000,68,1,340265.8,5.2349
20260801T185156Z-minibits-b7641c0e-513db44,minibits-b7641c0e,L1.B1.w1-autovec.w2-opt,frame,0.01,1,65000,68,2,339914.6,5.2295
20260801T185156Z-minibits-b7641c0e-513db44,minibits-b7641c0e,L1.B1.w1-autovec.w2-opt,frame,0.01,1,262000,68,0,1309441.7,4.9979
20260801T185156Z-minibits-b7641c0e-513db44,minibits-b7641c0e,L1.B1.w1-autovec.w2-opt,frame,0.01,1,262000,68,1,1349538.1,5.1509
20260801T185156Z-minibits-b7641c0e-513db44,minibits-b7641c0e,L1.B1.w1-autovec.w2-opt,frame,0.01,1,262000,68,2,1342955.8,5.1258
20260801T185156Z-minibits-b7641c0e-513db44,minibits-b7641c0e,L1.B1.w1-autovec.w2-opt,frame,0.01,1,1000000,68,0,4864378.3,4.8644
20260801T185156Z-minibits-b7641c0e-513db44,minibits-b7641c0e,L1.B1.w1-autovec.w2-opt,frame,0.01,1,1000000,68,1,4990721.7,4.9907
20260801T185156Z-minibits-b7641c0e-513db44,minibits-b7641c0e,L1.B1.w1-autovec.w2-opt,frame,0.01,1,1000000,68,2,4992491.9,4.9925
20260801T185156Z-minibits-b7641c0e-513db44,minibits-b7641c0e,L1.B1.w1-autovec.w2-opt,frame,0.01,1,4000000,68,0,19129468.8,4.7824
20260801T185156Z-minibits-b7641c0e-513db44,minibits-b7641c0e,L1.B1.w1-autovec.w2-opt,frame,0.01,1,4000000,68,1,19629654.4,4.9074
20260801T185156Z-minibits-b7641c0e-513db44,minibits-b7641c0e,L1.B1.w1-autovec.w2-opt,frame,0.01,1,4000000,68,2,19623636.9,4.9059
20260801T185156Z-minibits-b7641c0e-513db44,minibits-b7641c0e,L1.B1.w1-autovec.w2-opt,frame,0.01,1,16000000,68,0,76020621.0,4.7513
20260801T185156Z-minibits-b7641c0e-513db44,minibits-b7641c0e,L1.B1.w1-autovec.w2-opt,frame,0.01,1,16000000,68,1,77886833.8,4.8679
20260801T185156Z-minibits-b7641c0e-513db44,minibits-b7641c0e,L1.B1.w1-autovec.w2-opt,frame,0.01,1,16000000,68,2,77889046.5,4.8681
20260801T185156Z-minibits-b7641c0e-513db44,minibits-b7641c0e,L1.B1.w1-autovec.w2-opt,frame,0.01,1,64000000,68,0,305694738.5,4.7765
20260801T185156Z-minibits-b7641c0e-513db44,minibits-b7641c0e,L1.B1.w1-autovec.w2-opt,frame,0.01,1,64000000,68,1,320172290.0,5.0027
20260801T185156Z-minibits-b7641c0e-513db44,minibits-b7641c0e,L1.B1.w1-autovec.w2-opt,frame,0.01,1,64000000,68,2,314286341.0,4.9107
20260801T185156Z-minibits-b7641c0e-513db44,minibits-b7641c0e,L1.B1.w1-autovec.w2-opt,frame,0.05,1,4000,68,0,52164.8,13.0412
20260801T185156Z-minibits-b7641c0e-513db44,minibits-b7641c0e,L1.B1.w1-autovec.w2-opt,frame,0.05,1,4000,68,1,45241.9,11.3105
20260801T185156Z-minibits-b7641c0e-513db44,minibits-b7641c0e,L1.B1.w1-autovec.w2-opt,frame,0.05,1,4000,68,2,37831.0,9.4578
20260801T185156Z-minibits-b7641c0e-513db44,minibits-b7641c0e,L1.B1.w1-autovec.w2-opt,frame,0.05,1,16000,68,0,122286.0,7.6429
20260801T185156Z-minibits-b7641c0e-513db44,minibits-b7641c0e,L1.B1.w1-autovec.w2-opt,frame,0.05,1,16000,68,1,101724.0,6.3577
20260801T185156Z-minibits-b7641c0e-513db44,minibits-b7641c0e,L1.B1.w1-autovec.w2-opt,frame,0.05,1,16000,68,2,94482.1,5.9051
20260801T185156Z-minibits-b7641c0e-513db44,minibits-b7641c0e,L1.B1.w1-autovec.w2-opt,frame,0.05,1,65000,68,0,376887.7,5.7983
20260801T185156Z-minibits-b7641c0e-513db44,minibits-b7641c0e,L1.B1.w1-autovec.w2-opt,frame,0.05,1,65000,68,1,380285.6,5.8505
20260801T185156Z-minibits-b7641c0e-513db44,minibits-b7641c0e,L1.B1.w1-autovec.w2-opt,frame,0.05,1,65000,68,2,379648.1,5.8407
20260801T185156Z-minibits-b7641c0e-513db44,minibits-b7641c0e,L1.B1.w1-autovec.w2-opt,frame,0.05,1,262000,68,0,1498619.4,5.7199
20260801T185156Z-minibits-b7641c0e-513db44,minibits-b7641c0e,L1.B1.w1-autovec.w2-opt,frame,0.05,1,262000,68,1,1509671.3,5.7621
20260801T185156Z-minibits-b7641c0e-513db44,minibits-b7641c0e,L1.B1.w1-autovec.w2-opt,frame,0.05,1,262000,68,2,1506316.9,5.7493
20260801T185156Z-minibits-b7641c0e-513db44,minibits-b7641c0e,L1.B1.w1-autovec.w2-opt,frame,0.05,1,1000000,68,0,5659040.0,5.6590
20260801T185156Z-minibits-b7641c0e-513db44,minibits-b7641c0e,L1.B1.w1-autovec.w2-opt,frame,0.05,1,1000000,68,1,5704029.8,5.7040
20260801T185156Z-minibits-b7641c0e-513db44,minibits-b7641c0e,L1.B1.w1-autovec.w2-opt,frame,0.05,1,1000000,68,2,5700208.3,5.7002
20260801T185156Z-minibits-b7641c0e-513db44,minibits-b7641c0e,L1.B1.w1-autovec.w2-opt,frame,0.05,1,4000000,68,0,22541216.5,5.6353
20260801T185156Z-minibits-b7641c0e-513db44,minibits-b7641c0e,L1.B1.w1-autovec.w2-opt,frame,0.05,1,4000000,68,1,22678244.0,5.6696
20260801T185156Z-minibits-b7641c0e-513db44,minibits-b7641c0e,L1.B1.w1-autovec.w2-opt,frame,0.05,1,4000000,68,2,22678676.5,5.6697
20260801T185156Z-minibits-b7641c0e-513db44,minibits-b7641c0e,L1.B1.w1-autovec.w2-opt,frame,0.05,1,16000000,68,0,89798785.4,5.6124
20260801T185156Z-minibits-b7641c0e-513db44,minibits-b7641c0e,L1.B1.w1-autovec.w2-opt,frame,0.05,1,16000000,68,1,90444228.1,5.6528
20260801T185156Z-minibits-b7641c0e-513db44,minibits-b7641c0e,L1.B1.w1-autovec.w2-opt,frame,0.05,1,16000000,68,2,90449429.2,5.6531
20260801T185156Z-minibits-b7641c0e-513db44,minibits-b7641c0e,L1.B1.w1-autovec.w2-opt,frame,0.05,1,64000000,68,0,362260300.6,5.6603
20260801T185156Z-minibits-b7641c0e-513db44,minibits-b7641c0e,L1.B1.w1-autovec.w2-opt,frame,0.05,1,64000000,68,1,364763051.9,5.6994
20260801T185156Z-minibits-b7641c0e-513db44,minibits-b7641c0e,L1.B1.w1-autovec.w2-opt,frame,0.05,1,64000000,68,2,364078455.0,5.6887
